1:00,am
1:01,am
1:01,am
1:01,am
1:01,am
1:01,am
1:02,am
1:02,am
1:03,am
1:03,am
1:03,am
1:03,am
1:03,am
1:03,am
1:05,am
1:05,am
1:05,am
1:05,am
1:05,am
1:05,am
1:06,am
1:06,am
1:06,am
1:06,am
1:06,am
1:06,am
1:06,am
1:06,am
1:06,am
1:06,am
1:06,am
1:06,am
1:07,am
1:07,am
1:07,am
1:07,am
1:08,am
1:08,am
1:08,am
1:08,am
1:08,am
1:08,am
1:08,am
1:08,am
1:08,am
1:09,am
1:10,am
1:10,am
1:10,am
1:10,am
1:10,am
1:10,am
1:11,am
1:12,am
1:12,am
1:12,am
1:12,am
1:12,am
1:12,am
1:12,am
1:13,am
1:14,am
1:14,am
1:14,am
1:15,am
1:15,am
1:15,am
1:15,am
1:15,am
1:15,am
1:15,am
1:16,am
1:16,am
1:16,am
1:16,am
1:16,am
1:17,am
1:17,am
1:17,am
1:17,am
1:17,am
1:17,am
1:18,am
1:18,am
1:18,am
1:18,am
1:19,am
1:19,am
1:19,am
1:20,am
1:20,am
1:20,am
1:20,am
1:21,am
1:21,am
1:21,am
1:21,am
1:22,am
1:22,am
1:23,am
1:23,am
1:23,am
1:24,am
1:24,am
1:25,am
1:25,am
1:25,am
1:26,am
1:26,am
1:26,am
1:26,am
1:26,am
1:27,am
1:27,am
1:27,am
1:27,am
1:27,am
1:29,am
1:29,am
1:30,am
1:30,am
1:30,am
1:31,am
1:31,am
1:31,am
1:31,am
1:31,am
1:32,am
1:32,am
1:32,am
1:32,am
1:34,am
1:35,am
1:35,am
1:35,am
1:35,am
1:36,am
1:37,am
1:37,am
1:37,am
1:37,am
1:38,am
1:38,am
1:38,am
1:38,am
1:39,am
1:40,am
1:40,am
1:40,am
1:41,am
1:41,am
1:41,am
1:41,am
1:41,am
1:41,am
1:42,am
1:42,am
1:42,am
1:43,am
1:43,am
1:43,am
1:44,am
1:44,am
1:44,am
1:46,am
1:46,am
1:46,am
1:47,am
1:47,am
1:47,am
1:49,am
1:50,am
1:51,am
1:51,am
1:52,am
1:54,am
1:54,am
1:55,am
1:57,am
1:57,am
1:57,am
1:57,am
1:57,am
2:01,am
2:02,am
2:02,am
2:02,am
2:03,am
2:04,am
2:05,am
2:05,am
2:05,am
2:05,am
2:06,am
2:06,am
2:08,am
2:11,am
2:13,am
2:13,am
2:14,am
2:14,am
2:15,am
2:15,am
2:16,am
2:17,am
2:17,am
2:19,am
2:19,am
2:19,am
2:19,am
2:20,am
2:21,am
2:21,am
2:22,am
2:23,am
2:24,am
2:25,am
2:26,am
2:27,am
2:29,am
2:29,am
2:29,am
2:31,am
2:34,am
2:34,am
2:37,am
2:38,am
2:39,am
2:39,am
2:39,am
2:42,am
2:43,am
2:45,am
2:45,am
2:47,am
2:49,am
2:49,am
2:49,am
2:50,am
2:55,am
2:55,am
2:58,am
3:00,am
3:00,am
3:00,am
3:08,am
3:12,am
3:12,am
3:14,am
3:15,am
3:18,am
3:19,am
3:19,am
3:21,am
3:22,am
3:29,am
3:30,am
3:31,am
3:34,am
3:34,am
3:34,am
3:34,am
3:39,am
3:40,am
3:42,am
3:42,am
3:47,am
3:52,am
3:54,am
3:54,am
3:56,am
3:57,am
4:02,am
4:02,am
4:02,am
4:06,am
4:06,am
4:07,am
4:11,am
4:13,am
4:13,am
4:15,am
4:21,am
4:27,am
4:33,am
4:34,am
4:38,am
4:44,am
4:44,am
4:46,am
4:46,am
4:48,am
4:48,am
4:51,am
4:51,am
4:53,am
4:59,am
5:00,am
5:05,am
5:06,am
5:09,am
5:11,am
5:12,am
5:13,am
5:15,am
5:15,am
5:18,am
5:19,am
5:25,am
5:26,am
5:28,am
5:28,am
5:33,am
5:36,am
5:38,am
5:38,am
5:39,am
5:40,am
5:40,am
5:40,am
5:41,am
5:41,am
5:43,am
5:44,am
5:45,am
5:46,am
5:48,am
5:54,am
5:56,am
5:58,am
5:59,am
5:59,am
6:02,am
6:03,am
6:04,am
6:05,am
6:05,am
6:05,am
6:05,am
6:06,am
6:06,am
6:07,am
6:07,am
6:07,am
6:08,am
6:09,am
6:09,am
6:10,am
6:11,am
6:11,am
6:12,am
6:13,am
6:16,am
6:16,am
6:17,am
6:17,am
6:19,am
6:20,am
6:20,am
6:22,am
6:23,am
6:24,am
6:25,am
6:27,am
6:27,am
6:28,am
6:28,am
6:32,am
6:34,am
6:34,am
6:35,am
6:35,am
6:37,am
6:38,am
6:39,am
6:39,am
6:39,am
6:41,am
6:41,am
6:41,am
6:41,am
6:42,am
6:42,am
6:42,am
6:43,am
6:43,am
6:43,am
6:44,am
6:44,am
6:44,am
6:44,am
6:46,am
6:47,am
6:47,am
6:47,am
6:47,am
6:48,am
6:48,am
6:50,am
6:50,am
6:50,am
6:51,am
6:51,am
6:52,am
6:52,am
6:52,am
6:54,am
6:54,am
6:55,am
6:55,am
6:55,am
6:55,am
6:55,am
6:56,am
6:56,am
6:56,am
6:56,am
6:57,am
6:58,am
6:58,am
6:59,am
6:59,am
6:59,am
6:59,am
6:59,am
7:00,am
7:01,am
7:01,am
7:01,am
7:02,am
7:02,am
7:02,am
7:02,am
7:03,am
7:03,am
7:03,am
7:03,am
7:03,am
7:04,am
7:04,am
7:04,am
7:05,am
7:05,am
7:05,am
7:05,am
7:05,am
7:05,am
7:05,am
7:06,am
7:06,am
7:06,am
7:06,am
7:07,am
7:08,am
7:08,am
7:09,am
7:09,am
7:10,am
7:10,am
7:10,am
7:11,am
7:11,am
7:11,am
7:12,am
7:12,am
7:12,am
7:13,am
7:13,am
7:13,am
7:13,am
7:13,am
7:14,am
7:14,am
7:14,am
7:14,am
7:15,am
7:17,am
7:17,am
7:17,am
7:18,am
7:18,am
7:19,am
7:19,am
7:19,am
7:19,am
7:19,am
7:19,am
7:19,am
7:20,am
7:20,am
7:21,am
7:21,am
7:21,am
7:22,am
7:22,am
7:22,am
7:22,am
7:23,am
7:23,am
7:23,am
7:24,am
7:24,am
7:24,am
7:24,am
7:25,am
7:25,am
7:25,am
7:25,am
7:25,am
7:25,am
7:25,am
7:26,am
7:27,am
7:28,am
7:28,am
7:28,am
7:28,am
7:28,am
7:29,am
7:29,am
7:29,am
7:29,am
7:30,am
7:30,am
7:30,am
7:30,am
7:30,am
7:30,am
7:31,am
7:31,am
7:31,am
7:31,am
7:32,am
7:32,am
7:32,am
7:33,am
7:33,am
7:33,am
7:33,am
7:34,am
7:34,am
7:34,am
7:34,am
7:34,am
7:35,am
7:35,am
7:35,am
7:35,am
7:35,am
7:35,am
7:35,am
7:35,am
7:36,am
7:36,am
7:36,am
7:36,am
7:36,am
7:36,am
7:37,am
7:37,am
7:37,am
7:37,am
7:37,am
7:38,am
7:38,am
7:38,am
7:38,am
7:38,am
7:39,am
7:39,am
7:39,am
7:39,am
7:39,am
7:40,am
7:40,am
7:40,am
7:40,am
7:40,am
7:40,am
7:41,am
7:42,am
7:42,am
7:42,am
7:43,am
7:43,am
7:43,am
7:44,am
7:44,am
7:44,am
7:44,am
7:44,am
7:44,am
7:44,am
7:44,am
7:45,am
7:45,am
7:45,am
7:45,am
7:46,am
7:46,am
7:46,am
7:46,am
7:46,am
7:46,am
7:46,am
7:46,am
7:46,am
7:47,am
7:47,am
7:47,am
7:48,am
7:48,am
7:48,am
7:48,am
7:49,am
7:49,am
7:49,am
7:49,am
7:49,am
7:49,am
7:49,am
7:49,am
7:49,am
7:50,am
7:50,am
7:51,am
7:51,am
7:51,am
7:51,am
7:51,am
7:51,am
7:51,am
7:52,am
7:52,am
7:52,am
7:52,am
7:52,am
7:52,am
7:53,am
7:53,am
7:53,am
7:53,am
7:53,am
7:53,am
7:53,am
7:53,am
7:54,am
7:54,am
7:54,am
7:54,am
7:54,am
7:54,am
7:55,am
7:55,am
7:56,am
7:56,am
7:57,am
7:57,am
7:57,am
7:57,am
7:57,am
7:57,am
7:57,am
7:58,am
7:58,am
7:58,am
7:58,am
7:58,am
7:58,am
7:58,am
7:58,am
7:59,am
7:59,am
7:59,am
7:59,am
7:59,am
8:00,am
8:00,am
8:00,am
8:00,am
8:01,am
8:01,am
8:01,am
8:01,am
8:02,am
8:02,am
8:02,am
8:02,am
8:02,am
8:02,am
8:02,am
8:02,am
8:03,am
8:03,am
8:03,am
8:03,am
8:03,am
8:04,am
8:04,am
8:04,am
8:04,am
8:05,am
8:05,am
8:05,am
8:06,am
8:06,am
8:06,am
8:06,am
8:06,am
8:06,am
8:07,am
8:07,am
8:07,am
8:07,am
8:08,am
8:08,am
8:08,am
8:08,am
8:08,am
8:08,am
8:08,am
8:08,am
8:09,am
8:09,am
8:09,am
8:09,am
8:09,am
8:09,am
8:09,am
8:09,am
8:09,am
8:09,am
8:10,am
8:10,am
8:10,am
8:10,am
8:10,am
8:10,am
8:10,am
8:11,am
8:11,am
8:11,am
8:11,am
8:11,am
8:11,am
8:12,am
8:12,am
8:12,am
8:12,am
8:12,am
8:12,am
8:13,am
8:13,am
8:13,am
8:13,am
8:13,am
8:14,am
8:14,am
8:14,am
8:14,am
8:15,am
8:15,am
8:15,am
8:15,am
8:15,am
8:15,am
8:15,am
8:15,am
8:16,am
8:16,am
8:16,am
8:16,am
8:16,am
8:17,am
8:17,am
8:17,am
8:17,am
8:17,am
8:18,am
8:18,am
8:18,am
8:18,am
8:19,am
8:19,am
8:19,am
8:19,am
8:19,am
8:20,am
8:20,am
8:20,am
8:20,am
8:20,am
8:20,am
8:21,am
8:21,am
8:21,am
8:21,am
8:22,am
8:22,am
8:22,am
8:22,am
8:22,am
8:22,am
8:23,am
8:23,am
8:23,am
8:23,am
8:24,am
8:24,am
8:24,am
8:24,am
8:24,am
8:25,am
8:25,am
8:25,am
8:25,am
8:26,am
8:26,am
8:26,am
8:26,am
8:26,am
8:27,am
8:27,am
8:27,am
8:27,am
8:28,am
8:28,am
8:28,am
8:28,am
8:28,am
8:29,am
8:29,am
8:29,am
8:29,am
8:29,am
8:29,am
8:29,am
8:29,am
8:29,am
8:30,am
8:30,am
8:30,am
8:30,am
8:31,am
8:31,am
8:31,am
8:32,am
8:32,am
8:32,am
8:33,am
8:33,am
8:33,am
8:33,am
8:33,am
8:33,am
8:33,am
8:33,am
8:34,am
8:34,am
8:34,am
8:34,am
8:34,am
8:34,am
8:34,am
8:35,am
8:35,am
8:36,am
8:36,am
8:36,am
8:36,am
8:36,am
8:36,am
8:36,am
8:36,am
8:37,am
8:37,am
8:37,am
8:37,am
8:38,am
8:38,am
8:38,am
8:38,am
8:38,am
8:38,am
8:38,am
8:38,am
8:39,am
8:39,am
8:39,am
8:40,am
8:40,am
8:40,am
8:40,am
8:41,am
8:41,am
8:41,am
8:41,am
8:41,am
8:41,am
8:41,am
8:41,am
8:41,am
8:42,am
8:42,am
8:42,am
8:43,am
8:43,am
8:43,am
8:43,am
8:44,am
8:44,am
8:44,am
8:44,am
8:44,am
8:45,am
8:45,am
8:45,am
8:45,am
8:45,am
8:45,am
8:45,am
8:45,am
8:46,am
8:46,am
8:46,am
8:46,am
8:46,am
8:46,am
8:47,am
8:47,am
8:47,am
8:47,am
8:47,am
8:48,am
8:48,am
8:48,am
8:48,am
8:48,am
8:48,am
8:48,am
8:49,am
8:49,am
8:49,am
8:49,am
8:49,am
8:49,am
8:49,am
8:49,am
8:50,am
8:50,am
8:50,am
8:50,am
8:50,am
8:50,am
8:50,am
8:50,am
8:50,am
8:50,am
8:51,am
8:51,am
8:51,am
8:51,am
8:52,am
8:52,am
8:53,am
8:53,am
8:53,am
8:53,am
8:53,am
8:54,am
8:54,am
8:54,am
8:54,am
8:54,am
8:54,am
8:54,am
8:55,am
8:55,am
8:55,am
8:55,am
8:56,am
8:56,am
8:56,am
8:56,am
8:56,am
8:56,am
8:57,am
8:57,am
8:57,am
8:57,am
8:57,am
8:57,am
8:57,am
8:57,am
8:57,am
8:57,am
8:57,am
8:57,am
8:57,am
8:57,am
8:57,am
8:57,am
8:57,am
8:57,am
8:57,am
8:57,am
8:57,am
8:58,am
8:58,am
8:58,am
8:58,am
8:58,am
8:58,am
8:58,am
8:58,am
8:58,am
8:59,am
8:59,am
8:59,am
8:59,am
8:59,am
8:59,am
8:59,am
8:59,am
8:59,am
8:59,am
8:59,am
8:59,am
8:59,am
8:59,am
8:59,am
9:00,am
9:00,am
9:00,am
9:00,am
9:00,am
9:00,am
9:00,am
9:00,am
9:01,am
9:01,am
9:01,am
9:01,am
9:01,am
9:02,am
9:02,am
9:02,am
9:02,am
9:02,am
9:02,am
9:03,am
9:03,am
9:03,am
9:03,am
9:04,am
9:04,am
9:04,am
9:04,am
9:04,am
9:05,am
9:05,am
9:05,am
9:05,am
9:05,am
9:06,am
9:06,am
9:06,am
9:06,am
9:06,am
9:07,am
9:07,am
9:07,am
9:08,am
9:08,am
9:09,am
9:09,am
9:09,am
9:09,am
9:10,am
9:10,am
9:10,am
9:10,am
9:10,am
9:10,am
9:11,am
9:11,am
9:11,am
9:11,am
9:11,am
9:11,am
9:11,am
9:11,am
9:11,am
9:12,am
9:12,am
9:13,am
9:13,am
9:13,am
9:13,am
9:13,am
9:13,am
9:14,am
9:14,am
9:14,am
9:14,am
9:14,am
9:15,am
9:15,am
9:15,am
9:15,am
9:15,am
9:15,am
9:15,am
9:15,am
9:15,am
9:15,am
9:15,am
9:15,am
9:15,am
9:15,am
9:15,am
9:15,am
9:16,am
9:16,am
9:16,am
9:16,am
9:16,am
9:16,am
9:16,am
9:16,am
9:17,am
9:17,am
9:17,am
9:17,am
9:17,am
9:17,am
9:17,am
9:18,am
9:18,am
9:18,am
9:18,am
9:18,am
9:18,am
9:18,am
9:18,am
9:18,am
9:18,am
9:18,am
9:19,am
9:19,am
9:19,am
9:19,am
9:20,am
9:20,am
9:20,am
9:20,am
9:20,am
9:20,am
9:20,am
9:20,am
9:20,am
9:20,am
9:20,am
9:20,am
9:20,am
9:20,am
9:20,am
9:20,am
9:20,am
9:21,am
9:21,am
9:21,am
9:21,am
9:21,am
9:21,am
9:21,am
9:22,am
9:22,am
9:22,am
9:22,am
9:22,am
9:22,am
9:22,am
9:23,am
9:23,am
9:23,am
9:23,am
9:23,am
9:23,am
9:23,am
9:24,am
9:24,am
9:24,am
9:24,am
9:24,am
9:24,am
9:24,am
9:24,am
9:24,am
9:25,am
9:25,am
9:25,am
9:25,am
9:25,am
9:25,am
9:25,am
9:25,am
9:25,am
9:26,am
9:26,am
9:26,am
9:26,am
9:26,am
9:26,am
9:26,am
9:26,am
9:26,am
9:26,am
9:26,am
9:27,am
9:27,am
9:27,am
9:27,am
9:27,am
9:27,am
9:27,am
9:27,am
9:28,am
9:28,am
9:28,am
9:28,am
9:28,am
9:28,am
9:28,am
9:29,am
9:29,am
9:29,am
9:29,am
9:29,am
9:29,am
9:29,am
9:29,am
9:29,am
9:29,am
9:29,am
9:29,am
9:30,am
9:30,am
9:30,am
9:30,am
9:30,am
9:30,am
9:31,am
9:31,am
9:31,am
9:31,am
9:31,am
9:32,am
9:32,am
9:32,am
9:32,am
9:32,am
9:32,am
9:32,am
9:32,am
9:32,am
9:32,am
9:32,am
9:33,am
9:33,am
9:33,am
9:33,am
9:33,am
9:33,am
9:33,am
9:33,am
9:33,am
9:34,am
9:34,am
9:34,am
9:34,am
9:34,am
9:34,am
9:34,am
9:34,am
9:35,am
9:35,am
9:35,am
9:35,am
9:35,am
9:35,am
9:35,am
9:35,am
9:35,am
9:36,am
9:36,am
9:36,am
9:36,am
9:36,am
9:36,am
9:36,am
9:37,am
9:37,am
9:37,am
9:37,am
9:37,am
9:37,am
9:37,am
9:37,am
9:37,am
9:37,am
9:37,am
9:38,am
9:38,am
9:38,am
9:38,am
9:38,am
9:38,am
9:39,am
9:39,am
9:39,am
9:39,am
9:39,am
9:39,am
9:39,am
9:39,am
9:39,am
9:40,am
9:40,am
9:40,am
9:40,am
9:40,am
9:41,am
9:41,am
9:41,am
9:41,am
9:41,am
9:41,am
9:41,am
9:41,am
9:41,am
9:42,am
9:42,am
9:43,am
9:43,am
9:43,am
9:43,am
9:43,am
9:43,am
9:43,am
9:43,am
9:44,am
9:44,am
9:44,am
9:44,am
9:44,am
9:44,am
9:44,am
9:44,am
9:44,am
9:44,am
9:45,am
9:45,am
9:45,am
9:45,am
9:45,am
9:45,am
9:46,am
9:46,am
9:46,am
9:46,am
9:46,am
9:46,am
9:46,am
9:47,am
9:47,am
9:47,am
9:48,am
9:48,am
9:48,am
9:48,am
9:48,am
9:48,am
9:48,am
9:49,am
9:49,am
9:49,am
9:49,am
9:49,am
9:49,am
9:49,am
9:49,am
9:49,am
9:50,am
9:50,am
9:50,am
9:50,am
9:50,am
9:50,am
9:50,am
9:50,am
9:50,am
9:50,am
9:51,am
9:51,am
9:51,am
9:51,am
9:51,am
9:51,am
9:51,am
9:51,am
9:52,am
9:52,am
9:52,am
9:52,am
9:52,am
9:52,am
9:52,am
9:52,am
9:53,am
9:53,am
9:53,am
9:53,am
9:53,am
9:53,am
9:53,am
9:53,am
9:53,am
9:54,am
9:54,am
9:54,am
9:54,am
9:54,am
9:54,am
9:55,am
9:55,am
9:55,am
9:55,am
9:55,am
9:55,am
9:55,am
9:55,am
9:55,am
9:56,am
9:56,am
9:56,am
9:56,am
9:56,am
9:56,am
9:57,am
9:57,am
9:57,am
9:57,am
9:57,am
9:57,am
9:57,am
9:58,am
9:58,am
9:58,am
9:58,am
9:58,am
9:58,am
9:58,am
9:59,am
9:59,am
9:59,am
9:59,am
9:59,am
9:59,am
9:59,am
9:59,am
9:59,am
10:00,am
10:00,am
10:00,am
10:00,am
10:01,am
10:01,am
10:01,am
10:01,am
10:01,am
10:01,am
10:01,am
10:01,am
10:02,am
10:02,am
10:02,am
10:02,am
10:02,am
10:02,am
10:02,am
10:02,am
10:02,am
10:02,am
10:02,am
10:02,am
10:02,am
10:03,am
10:03,am
10:03,am
10:03,am
10:03,am
10:03,am
10:04,am
10:04,am
10:04,am
10:04,am
10:04,am
10:04,am
10:04,am
10:04,am
10:05,am
10:05,am
10:05,am
10:05,am
10:05,am
10:05,am
10:05,am
10:05,am
10:05,am
10:05,am
10:06,am
10:06,am
10:06,am
10:07,am
10:07,am
10:07,am
10:07,am
10:07,am
10:07,am
10:07,am
10:08,am
10:08,am
10:08,am
10:08,am
10:08,am
10:08,am
10:08,am
10:09,am
10:09,am
10:09,am
10:09,am
10:10,am
10:10,am
10:10,am
10:10,am
10:10,am
10:10,am
10:10,am
10:10,am
10:10,am
10:10,am
10:10,am
10:11,am
10:11,am
10:11,am
10:11,am
10:11,am
10:11,am
10:11,am
10:11,am
10:11,am
10:11,am
10:11,am
10:12,am
10:12,am
10:12,am
10:12,am
10:12,am
10:13,am
10:13,am
10:13,am
10:13,am
10:13,am
10:13,am
10:13,am
10:13,am
10:13,am
10:14,am
10:14,am
10:14,am
10:14,am
10:14,am
10:14,am
10:14,am
10:15,am
10:15,am
10:15,am
10:15,am
10:15,am
10:15,am
10:15,am
10:16,am
10:16,am
10:16,am
10:16,am
10:16,am
10:16,am
10:16,am
10:16,am
10:16,am
10:16,am
10:16,am
10:16,am
10:16,am
10:16,am
10:17,am
10:17,am
10:17,am
10:17,am
10:17,am
10:17,am
10:18,am
10:18,am
10:18,am
10:18,am
10:18,am
10:18,am
10:18,am
10:19,am
10:19,am
10:19,am
10:19,am
10:19,am
10:19,am
10:19,am
10:20,am
10:20,am
10:20,am
10:20,am
10:20,am
10:20,am
10:20,am
10:20,am
10:20,am
10:20,am
10:20,am
10:20,am
10:21,am
10:21,am
10:21,am
10:21,am
10:21,am
10:21,am
10:21,am
10:21,am
10:22,am
10:22,am
10:22,am
10:22,am
10:22,am
10:22,am
10:22,am
10:22,am
10:22,am
10:22,am
10:22,am
10:22,am
10:22,am
10:22,am
10:23,am
10:23,am
10:23,am
10:23,am
10:23,am
10:23,am
10:23,am
10:23,am
10:23,am
10:23,am
10:23,am
10:23,am
10:23,am
10:24,am
10:24,am
10:24,am
10:24,am
10:24,am
10:24,am
10:25,am
10:25,am
10:26,am
10:26,am
10:26,am
10:26,am
10:26,am
10:26,am
10:26,am
10:26,am
10:26,am
10:26,am
10:26,am
10:26,am
10:27,am
10:27,am
10:27,am
10:27,am
10:27,am
10:27,am
10:27,am
10:28,am
10:28,am
10:28,am
10:28,am
10:28,am
10:29,am
10:29,am
10:29,am
10:29,am
10:29,am
10:29,am
10:29,am
10:30,am
10:30,am
10:30,am
10:30,am
10:30,am
10:30,am
10:30,am
10:31,am
10:31,am
10:31,am
10:31,am
10:31,am
10:31,am
10:32,am
10:32,am
10:32,am
10:32,am
10:32,am
10:32,am
10:32,am
10:33,am
10:33,am
10:33,am
10:34,am
10:34,am
10:34,am
10:34,am
10:34,am
10:34,am
10:34,am
10:34,am
10:35,am
10:35,am
10:35,am
10:35,am
10:36,am
10:36,am
10:36,am
10:36,am
10:36,am
10:36,am
10:36,am
10:36,am
10:36,am
10:37,am
10:37,am
10:37,am
10:37,am
10:37,am
10:38,am
10:38,am
10:38,am
10:38,am
10:38,am
10:38,am
10:38,am
10:38,am
10:38,am
10:38,am
10:38,am
10:39,am
10:39,am
10:39,am
10:39,am
10:39,am
10:39,am
10:40,am
10:40,am
10:40,am
10:40,am
10:40,am
10:40,am
10:40,am
10:40,am
10:40,am
10:40,am
10:41,am
10:41,am
10:41,am
10:41,am
10:41,am
10:41,am
10:42,am
10:42,am
10:42,am
10:42,am
10:42,am
10:42,am
10:42,am
10:42,am
10:42,am
10:43,am
10:43,am
10:43,am
10:43,am
10:43,am
10:43,am
10:43,am
10:44,am
10:44,am
10:44,am
10:44,am
10:44,am
10:44,am
10:44,am
10:45,am
10:45,am
10:45,am
10:45,am
10:45,am
10:45,am
10:45,am
10:45,am
10:45,am
10:45,am
10:46,am
10:46,am
10:46,am
10:46,am
10:46,am
10:46,am
10:46,am
10:46,am
10:46,am
10:46,am
10:47,am
10:47,am
10:47,am
10:47,am
10:47,am
10:47,am
10:47,am
10:48,am
10:48,am
10:48,am
10:48,am
10:48,am
10:48,am
10:48,am
10:48,am
10:48,am
10:48,am
10:49,am
10:49,am
10:49,am
10:49,am
10:49,am
10:49,am
10:49,am
10:49,am
10:49,am
10:49,am
10:49,am
10:50,am
10:50,am
10:50,am
10:50,am
10:50,am
10:50,am
10:50,am
10:50,am
10:51,am
10:51,am
10:51,am
10:51,am
10:51,am
10:51,am
10:51,am
10:52,am
10:52,am
10:52,am
10:52,am
10:52,am
10:52,am
10:52,am
10:52,am
10:52,am
10:52,am
10:52,am
10:52,am
10:52,am
10:53,am
10:53,am
10:53,am
10:53,am
10:53,am
10:54,am
10:54,am
10:54,am
10:54,am
10:54,am
10:54,am
10:54,am
10:54,am
10:54,am
10:55,am
10:55,am
10:55,am
10:55,am
10:55,am
10:55,am
10:55,am
10:55,am
10:56,am
10:56,am
10:56,am
10:56,am
10:56,am
10:56,am
10:56,am
10:56,am
10:57,am
10:57,am
10:57,am
10:57,am
10:57,am
10:57,am
10:57,am
10:57,am
10:57,am
10:57,am
10:58,am
10:58,am
10:58,am
10:58,am
10:58,am
10:58,am
10:58,am
10:59,am
10:59,am
10:59,am
10:59,am
10:59,am
10:59,am
10:59,am
10:59,am
10:59,am
11:00,am
11:00,am
11:00,am
11:00,am
11:00,am
11:01,am
11:01,am
11:01,am
11:01,am
11:01,am
11:01,am
11:01,am
11:01,am
11:01,am
11:01,am
11:02,am
11:03,am
11:03,am
11:03,am
11:03,am
11:04,am
11:04,am
11:04,am
11:05,am
11:05,am
11:05,am
11:05,am
11:05,am
11:06,am
11:06,am
11:06,am
11:06,am
11:06,am
11:06,am
11:06,am
11:06,am
11:07,am
11:07,am
11:07,am
11:07,am
11:07,am
11:07,am
11:07,am
11:08,am
11:08,am
11:08,am
11:08,am
11:08,am
11:08,am
11:08,am
11:09,am
11:09,am
11:09,am
11:09,am
11:09,am
11:09,am
11:09,am
11:10,am
11:10,am
11:10,am
11:11,am
11:11,am
11:11,am
11:11,am
11:11,am
11:11,am
11:11,am
11:11,am
11:11,am
11:11,am
11:11,am
11:12,am
11:12,am
11:12,am
11:12,am
11:12,am
11:12,am
11:12,am
11:12,am
11:12,am
11:12,am
11:12,am
11:12,am
11:12,am
11:13,am
11:13,am
11:13,am
11:13,am
11:13,am
11:14,am
11:14,am
11:14,am
11:14,am
11:14,am
11:15,am
11:15,am
11:15,am
11:15,am
11:15,am
11:15,am
11:15,am
11:16,am
11:16,am
11:16,am
11:16,am
11:16,am
11:16,am
11:16,am
11:17,am
11:17,am
11:17,am
11:17,am
11:17,am
11:17,am
11:17,am
11:17,am
11:17,am
11:18,am
11:18,am
11:18,am
11:18,am
11:18,am
11:18,am
11:18,am
11:18,am
11:18,am
11:19,am
11:19,am
11:19,am
11:19,am
11:19,am
11:19,am
11:19,am
11:19,am
11:19,am
11:19,am
11:19,am
11:20,am
11:20,am
11:20,am
11:20,am
11:20,am
11:20,am
11:20,am
11:20,am
11:20,am
11:20,am
11:21,am
11:21,am
11:21,am
11:21,am
11:21,am
11:21,am
11:21,am
11:21,am
11:21,am
11:22,am
11:22,am
11:22,am
11:22,am
11:22,am
11:22,am
11:22,am
11:22,am
11:23,am
11:23,am
11:23,am
11:23,am
11:23,am
11:23,am
11:23,am
11:23,am
11:23,am
11:24,am
11:24,am
11:24,am
11:24,am
11:24,am
11:24,am
11:24,am
11:25,am
11:25,am
11:25,am
11:25,am
11:25,am
11:25,am
11:25,am
11:25,am
11:25,am
11:26,am
11:26,am
11:26,am
11:26,am
11:26,am
11:26,am
11:26,am
11:26,am
11:27,am
11:27,am
11:27,am
11:27,am
11:27,am
11:27,am
11:27,am
11:27,am
11:27,am
11:27,am
11:28,am
11:28,am
11:28,am
11:28,am
11:28,am
11:28,am
11:28,am
11:28,am
11:28,am
11:29,am
11:29,am
11:29,am
11:29,am
11:30,am
11:30,am
11:30,am
11:30,am
11:30,am
11:30,am
11:30,am
11:30,am
11:31,am
11:31,am
11:31,am
11:31,am
11:31,am
11:31,am
11:31,am
11:31,am
11:31,am
11:31,am
11:31,am
11:31,am
11:32,am
11:32,am
11:32,am
11:32,am
11:32,am
11:32,am
11:32,am
11:32,am
11:33,am
11:33,am
11:33,am
11:33,am
11:33,am
11:33,am
11:33,am
11:33,am
11:33,am
11:34,am
11:34,am
11:34,am
11:34,am
11:34,am
11:34,am
11:34,am
11:34,am
11:34,am
11:34,am
11:34,am
11:34,am
11:35,am
11:35,am
11:35,am
11:35,am
11:35,am
11:35,am
11:35,am
11:35,am
11:35,am
11:35,am
11:35,am
11:35,am
11:35,am
11:35,am
11:36,am
11:36,am
11:36,am
11:36,am
11:36,am
11:36,am
11:37,am
11:37,am
11:37,am
11:37,am
11:37,am
11:37,am
11:37,am
11:37,am
11:37,am
11:37,am
11:37,am
11:38,am
11:38,am
11:38,am
11:38,am
11:38,am
11:38,am
11:38,am
11:39,am
11:39,am
11:39,am
11:39,am
11:39,am
11:39,am
11:39,am
11:39,am
11:39,am
11:39,am
11:39,am
11:40,am
11:40,am
11:40,am
11:40,am
11:40,am
11:40,am
11:40,am
11:40,am
11:40,am
11:40,am
11:40,am
11:41,am
11:41,am
11:41,am
11:41,am
11:41,am
11:41,am
11:41,am
11:41,am
11:41,am
11:42,am
11:42,am
11:42,am
11:42,am
11:42,am
11:42,am
11:43,am
11:43,am
11:43,am
11:43,am
11:43,am
11:43,am
11:43,am
11:44,am
11:44,am
11:44,am
11:44,am
11:44,am
11:44,am
11:45,am
11:45,am
11:45,am
11:45,am
11:46,am
11:46,am
11:46,am
11:46,am
11:47,am
11:47,am
11:47,am
11:48,am
11:48,am
11:48,am
11:48,am
11:48,am
11:48,am
11:48,am
11:48,am
11:48,am
11:49,am
11:49,am
11:49,am
11:49,am
11:49,am
11:50,am
11:50,am
11:50,am
11:51,am
11:51,am
11:51,am
11:51,am
11:52,am
11:52,am
11:52,am
11:53,am
11:53,am
11:53,am
11:53,am
11:53,am
11:53,am
11:53,am
11:53,am
11:53,am
11:54,am
11:54,am
11:54,am
11:54,am
11:54,am
11:54,am
11:55,am
11:55,am
11:55,am
11:55,am
11:55,am
11:55,am
11:55,am
11:55,am
11:56,am
11:56,am
11:56,am
11:56,am
11:56,am
11:56,am
11:56,am
11:56,am
11:57,am
11:57,am
11:57,am
11:57,am
11:57,am
11:57,am
11:57,am
11:57,am
11:58,am
11:58,am
11:58,am
11:58,am
11:58,am
11:58,am
11:58,am
11:58,am
11:58,am
11:58,am
11:58,am
11:58,am
11:58,am
11:59,am
11:59,am
11:59,am
11:59,am
11:59,am
12:00,am
12:00,am
12:00,am
12:00,am
12:00,am
12:00,am
12:00,am
12:00,am
12:01,am
12:01,am
12:01,am
12:01,am
12:01,am
12:01,am
12:01,am
12:01,am
12:01,am
12:01,am
12:01,am
12:01,am
12:01,am
12:01,am
12:01,am
12:01,am
12:01,am
12:01,am
12:01,am
12:01,am
12:01,am
12:02,am
12:02,am
12:02,am
12:02,am
12:02,am
12:02,am
12:02,am
12:02,am
12:02,am
12:02,am
12:02,am
12:02,am
12:02,am
12:02,am
12:02,am
12:03,am
12:03,am
12:03,am
12:03,am
12:03,am
12:03,am
12:03,am
12:03,am
12:03,am
12:03,am
12:03,am
12:03,am
12:03,am
12:03,am
12:03,am
12:03,am
12:03,am
12:03,am
12:04,am
12:04,am
12:04,am
12:04,am
12:04,am
12:04,am
12:05,am
12:05,am
12:05,am
12:05,am
12:05,am
12:05,am
12:05,am
12:05,am
12:05,am
12:05,am
12:05,am
12:05,am
12:06,am
12:06,am
12:06,am
12:06,am
12:06,am
12:06,am
12:06,am
12:06,am
12:07,am
12:07,am
12:07,am
12:07,am
12:07,am
12:08,am
12:08,am
12:08,am
12:08,am
12:08,am
12:08,am
12:08,am
12:08,am
12:08,am
12:08,am
12:08,am
12:08,am
12:08,am
12:08,am
12:08,am
12:09,am
12:09,am
12:09,am
12:09,am
12:09,am
12:09,am
12:09,am
12:09,am
12:09,am
12:09,am
12:09,am
12:09,am
12:10,am
12:10,am
12:10,am
12:10,am
12:10,am
12:10,am
12:10,am
12:10,am
12:10,am
12:10,am
12:10,am
12:10,am
12:11,am
12:11,am
12:11,am
12:11,am
12:11,am
12:11,am
12:11,am
12:11,am
12:11,am
12:11,am
12:11,am
12:11,am
12:11,am
12:11,am
12:12,am
12:12,am
12:12,am
12:12,am
12:12,am
12:12,am
12:12,am
12:13,am
12:13,am
12:13,am
12:13,am
12:13,am
12:13,am
12:13,am
12:14,am
12:14,am
12:14,am
12:14,am
12:14,am
12:14,am
12:14,am
12:14,am
12:14,am
12:14,am
12:15,am
12:15,am
12:15,am
12:15,am
12:15,am
12:15,am
12:15,am
12:15,am
12:15,am
12:16,am
12:16,am
12:16,am
12:16,am
12:16,am
12:16,am
12:16,am
12:16,am
12:16,am
12:16,am
12:16,am
12:17,am
12:17,am
12:17,am
12:17,am
12:17,am
12:17,am
12:18,am
12:18,am
12:18,am
12:18,am
12:18,am
12:18,am
12:18,am
12:19,am
12:19,am
12:19,am
12:19,am
12:19,am
12:19,am
12:19,am
12:19,am
12:19,am
12:19,am
12:19,am
12:20,am
12:20,am
12:20,am
12:20,am
12:21,am
12:21,am
12:21,am
12:21,am
12:21,am
12:21,am
12:21,am
12:22,am
12:22,am
12:22,am
12:22,am
12:22,am
12:22,am
12:22,am
12:22,am
12:22,am
12:22,am
12:23,am
12:23,am
12:23,am
12:23,am
12:23,am
12:23,am
12:23,am
12:23,am
12:23,am
12:23,am
12:23,am
12:24,am
12:24,am
12:24,am
12:24,am
12:24,am
12:24,am
12:24,am
12:24,am
12:24,am
12:24,am
12:24,am
12:25,am
12:25,am
12:25,am
12:25,am
12:25,am
12:26,am
12:26,am
12:26,am
12:26,am
12:26,am
12:26,am
12:26,am
12:27,am
12:27,am
12:27,am
12:27,am
12:28,am
12:28,am
12:28,am
12:28,am
12:28,am
12:28,am
12:28,am
12:28,am
12:28,am
12:29,am
12:29,am
12:29,am
12:29,am
12:29,am
12:30,am
12:30,am
12:30,am
12:30,am
12:30,am
12:30,am
12:30,am
12:30,am
12:30,am
12:30,am
12:30,am
12:31,am
12:31,am
12:31,am
12:31,am
12:31,am
12:31,am
12:31,am
12:31,am
12:31,am
12:31,am
12:31,am
12:32,am
12:32,am
12:32,am
12:32,am
12:32,am
12:33,am
12:33,am
12:33,am
12:33,am
12:33,am
12:33,am
12:33,am
12:34,am
12:34,am
12:34,am
12:34,am
12:34,am
12:34,am
12:35,am
12:35,am
12:35,am
12:35,am
12:35,am
12:35,am
12:35,am
12:35,am
12:35,am
12:35,am
12:35,am
12:36,am
12:36,am
12:36,am
12:37,am
12:37,am
12:37,am
12:37,am
12:37,am
12:37,am
12:37,am
12:37,am
12:38,am
12:38,am
12:38,am
12:38,am
12:39,am
12:39,am
12:39,am
12:39,am
12:39,am
12:40,am
12:40,am
12:40,am
12:40,am
12:40,am
12:40,am
12:40,am
12:41,am
12:41,am
12:41,am
12:41,am
12:41,am
12:41,am
12:41,am
12:41,am
12:41,am
12:41,am
12:41,am
12:41,am
12:41,am
12:41,am
12:42,am
12:42,am
12:42,am
12:42,am
12:42,am
12:42,am
12:42,am
12:43,am
12:43,am
12:43,am
12:43,am
12:43,am
12:43,am
12:43,am
12:43,am
12:44,am
12:44,am
12:44,am
12:44,am
12:44,am
12:44,am
12:44,am
12:45,am
12:45,am
12:45,am
12:45,am
12:45,am
12:45,am
12:45,am
12:45,am
12:45,am
12:45,am
12:46,am
12:46,am
12:46,am
12:47,am
12:47,am
12:47,am
12:47,am
12:47,am
12:47,am
12:47,am
12:48,am
12:48,am
12:48,am
12:50,am
12:50,am
12:50,am
12:50,am
12:50,am
12:50,am
12:50,am
12:50,am
12:50,am
12:50,am
12:51,am
12:51,am
12:51,am
12:51,am
12:51,am
12:52,am
12:52,am
12:52,am
12:52,am
12:52,am
12:52,am
12:52,am
12:53,am
12:53,am
12:53,am
12:53,am
12:53,am
12:54,am
12:54,am
12:54,am
12:54,am
12:54,am
12:54,am
12:54,am
12:55,am
12:55,am
12:55,am
12:55,am
12:55,am
12:55,am
12:55,am
12:55,am
12:56,am
12:56,am
12:56,am
12:56,am
12:56,am
12:56,am
12:56,am
12:56,am
12:56,am
12:56,am
12:57,am
12:57,am
12:57,am
12:57,am
12:58,am
12:58,am
12:58,am
12:58,am
12:58,am
12:58,am
12:58,am
12:58,am
12:59,am
12:59,am
12:59,am
